2020,2025,2030,2035,2040,2045,2050,2055,2060
238600612.0,285895913.3,342566066.9,396121508.3,458049598.40000004,505842239.1,558621537.4,599789767.0,643991934.7
117954402.69999999,124624327.99999999,131671415.1,141027452.79999998,151048292.7,161067588.1,171751480.7,181444456.5,191684465.6
119563812.80000001,138712452.7,160927826.7,182812063.8,207672292.4,227557574.2,249346934.8,266922957.0,285737881.59999996
245515890.7,273439169.8,304538249.5,333127882.6,364401471.3,391863892.2,421395966.00000006,446682259.79999995,473485883.4
131960655.10000001,148650259.8,167450667.2,187993482.70000002,211056486.79999998,230178272.1,251032497.2,268221133.0,286586704.8
681512284.6,743650717.7,811454763.8,880398164.8000001,955199184.3,1023828795.0,1097389339.0,1161717083.0,1229815649.0
196812050.9,229892918.5,268534135.59999996,305883809.5,348428346.8,382207788.4,419262080.40000004,449010817.29999995,480870375.49999994
158729396.79999998,183884225.2,213025494.79999998,241854322.4,274584567.1,300807242.7,329534169.5,352729771.7,377558090.6
36629201.72,42529342.93,49379864.28,54922597.529999994,61087485.03,66130253.489999995,71589302.2,76087547.59,80868435.92
410070957.6,428010923.0,446735733.99999994,476152115.20000005,507505488.29999995,540114982.4,574819782.0,606786875.3,640531734.6
102236078.89999999,119660082.4,127017202.10000001,141526972.5,157694262.0,171349897.4,186188051.2,198476314.29999998,211575592.99999997
368230995.8,409123293.59999996,454556708.3,509977648.7,572155679.2,624264146.7,681118337.2,727787491.4,777654342.5
238413167.10000002,270960088.7,307950146.3,348642217.7,394711278.4,432223436.2,473300635.29999995,506464419.2,541951962.1
189993011.1,208579454.3,228984153.1,255675146.4,285477312.0,310880716.7,338544661.7,361464113.7,385935211.1
637157906.5,692874169.4,753462539.9,816359163.9,884506195.4000001,947537033.8999999,1015059516.0000001,1074325571.0,1137051980.0
159432096.4,192035859.20000002,231307070.8,268028554.6,310579809.90000004,343272516.20000005,379406570.0,407503661.2,437681492.79999995
78747527.79,92410698.2,98350303.82,109700463.9,122360494.30000001,133012241.99999999,144591247.6,154160055.7,164362111.7
257462473.0,306275269.90000004,330428924.4,370574800.4,415598250.0,452762165.8,493249379.20000005,526350223.8,561672390.9
378795483.70000005,453249102.9,542336849.6,622593374.1,714726483.6,786461166.8,865395617.9000001,927954010.6,995034673.0999999
111993796.2,131637679.8,154727130.7,176688547.5,201767089.4,221549287.1,243271024.79999998,260636475.2,279241526.0
73972385.16,86614416.96000001,101416997.8,115634227.5,131844511.80000001,144682356.5,158770236.3,170062005.5,182156847.4
198311735.3,238541116.0,286931400.90000004,330697901.5,381140236.59999996,420058134.70000005,462949905.59999996,496730283.70000005,532975537.5
701666775.3,801347631.1999999,915189444.2,1011215480.0,1117317026.0,1206360117.0,1302499378.0,1382878506.0,1468217947.0
157688319.70000002,161740669.29999998,165897158.2,175591512.7,185852365.8,197242906.79999998,209331552.70000002,220726407.7,232741535.9
239920742.29999998,271476053.2,307181641.6,347160475.09999996,392342442.3,429327047.2,469798047.7,502574829.00000006,537638374.5
270692803.5,308628324.2,351880217.3,396959232.40000004,447813274.1,489328646.8,534692780.2,571745281.8,611365403.5
97585499.11999999,103468068.7,109705246.60000001,117666411.6,126205307.8,134652721.70000002,143665553.9,151807748.2,160411398.5
313364122.0,387270238.59999996,478606921.29999995,551210680.8,634828292.6,699447286.9,770643830.6,826780053.4,887005422.7
8787751.438,15920477.049999999,28842598.86,50411620.24,88110349.15,114706673.4,149331163.1,171266314.0,196423503.9
186530484.0,215190208.10000002,248253393.70000002,281379009.8,318924732.3,349148400.7,382236287.6,409032159.8,437706500.4
479225341.9,524122712.59999996,573226400.6,622501145.6,676011565.2,724848401.3000001,777213337.6,822893721.9,871258951.4
